Franky Woolatt,fwoolatt0@weibo.com,Books,$50.12,2016-12-25
Bradney Hallede,bhallede1@usnews.com,Baby,$93.14,2016-10-14
Sileas Bellocht,sbellocht2@epa.gov,Outdoors,$94.21,2017-02-17
Karla Ickovici,kickovici3@state.gov,Movies,$72.29,2017-06-05
Bevvy Fuentes,bfuentes4@cdc.gov,Sports,$57.12,2017-05-18
Randie Petzolt,rpetzolt5@g.co,Tools,$43.65,2017-06-13
Burl Selvester,bselvester6@t.co,Jewelery,$77.09,2017-05-07
Sansone MacNeilley,smacneilley7@uol.com.br,Home,$13.32,2016-12-07
Vanya Marlowe,vmarlowe8@dmoz.org,Grocery,$6.08,2016-10-06
Esteban Paulus,epaulus9@harvard.edu,Outdoors,$77.51,2016-10-03
Beck Kensett,bkensetta@cnbc.com,Games,$80.71,2017-05-09
Xaviera Gyurkovics,xgyurkovicsb@homestead.com,Clothing,$64.07,2017-06-06
Halley Maryman,hmarymanc@hp.com,Games,$3.38,2017-06-17
Regen Featenby,rfeatenbyd@cam.ac.uk,Games,$18.00,2017-05-16
Prissie Garrattley,pgarrattleye@odnoklassniki.ru,Sports,$10.93,2016-12-11
Lacey Tortis,ltortisf@ox.ac.uk,Clothing,$19.29,2017-03-04
Florencia Hearsum,fhearsumg@meetup.com,Music,$58.15,2016-10-12
Keir Click,kclickh@youku.com,Toys,$27.97,2017-03-31
Gayelord Hundley,ghundleyi@goo.ne.jp,Kids,$5.95,2016-12-14
Patsy Januszkiewicz,pjanuszkiewiczj@columbia.edu,Industrial,$12.41,2016-12-12
Kearney Feldbrin,kfeldbrink@apache.org,Kids,$40.57,2017-07-28
Anderea Mourton,amourtonl@spotify.com,Shoes,$58.48,2017-03-02
Coleman Metzing,cmetzingm@ifeng.com,Games,$45.11,2017-06-13
Friedrich Basil,fbasiln@geocities.jp,Toys,$76.25,2017-07-01
Gaylene Curthoys,gcurthoyso@issuu.com,Sports,$38.04,2017-08-21
Davita Closs,dclossp@mapy.cz,Beauty,$28.67,2017-06-03
Mable Richardet,mrichardetq@twitter.com,Baby,$46.59,2017-01-05
Hadrian Swalough,hswaloughr@macromedia.com,Books,$4.03,2017-05-20
Selene Jolliss,sjollisss@sciencedaily.com,Toys,$39.20,2017-02-27
Fernandina Pedder,fpeddert@discuz.net,Shoes,$51.16,2017-02-11
Genevieve Bearns,gbearnsu@earthlink.net,Garden,$45.65,2016-12-15
Mercy Cowper,mcowperv@wikia.com,Outdoors,$47.58,2017-08-17
Andria Nunnerley,anunnerleyw@nyu.edu,Games,$98.43,2017-05-14
Mel Stiddard,mstiddardx@zdnet.com,Health,$46.89,2017-03-15
Chrisy Wrotham,cwrothamy@indiatimes.com,Grocery,$55.22,2016-11-18
Cleavland Chamberlen,cchamberlenz@pagesperso-orange.fr,Home,$75.24,2017-03-14
Jock Le Leu,jle10@studiopress.com,Jewelery,$47.64,2017-09-24
Erik Sein,esein11@delicious.com,Automotive,$53.04,2017-08-25
Evelina Roja,eroja12@intel.com,Computers,$71.99,2017-01-17
Celinda Canning,ccanning13@ustream.tv,Beauty,$97.95,2016-09-30
Linus Meakes,lmeakes14@google.ru,Music,$83.51,2017-06-30
Chrissie Thorns,cthorns15@acquirethisname.com,Automotive,$91.99,2017-04-17
Percival Schultes,pschultes16@360.cn,Home,$49.38,2017-05-03
Priscella Aspinal,paspinal17@stumbleupon.com,Baby,$31.50,2017-01-16
Jaimie Anstiss,janstiss18@bloglovin.com,Outdoors,$95.00,2016-11-15
Bobby Saura,bsaura19@yahoo.co.jp,Movies,$39.02,2017-07-20
Jessamyn Ninnoli,jninnoli1a@reddit.com,Electronics,$1.88,2017-04-30
Hallsy Brok,hbrok1b@howstuffworks.com,Grocery,$19.99,2017-04-03
Lynett Kunat,lkunat1c@fc2.com,Games,$86.69,2016-12-31
Eachelle Lies,elies1d@studiopress.com,Automotive,$42.66,2017-01-11
Dyanne Donan,ddonan1e@mapquest.com,Clothing,$27.23,2017-04-28
Clareta Moizer,cmoizer1f@xrea.com,Electronics,$63.95,2017-05-17
Hayyim Grimsdike,hgrimsdike1g@technorati.com,Kids,$31.26,2016-12-26
Phil Covet,pcovet1h@businessweek.com,Toys,$25.22,2017-01-27
Nels Sucre,nsucre1i@moonfruit.com,Tools,$39.55,2017-05-31
Verene Aiston,vaiston1j@businessinsider.com,Home,$28.31,2016-10-21
Pyotr Vanes,pvanes1k@about.com,Home,$41.22,2017-01-25
Arvie Evershed,aevershed1l@alibaba.com,Health,$61.20,2017-03-28
Tedmund Manktelow,tmanktelow1m@drupal.org,Baby,$34.86,2016-11-25
Kenton Ferry,kferry1n@istockphoto.com,Computers,$43.51,2017-09-08
Huntley Winsom,hwinsom1o@sun.com,Grocery,$41.84,2017-06-16
Guilbert Learmonth,glearmonth1p@wikipedia.org,Home,$40.14,2016-11-08
Raffarty Destouche,rdestouche1q@thetimes.co.uk,Garden,$37.34,2017-07-08
Benni Weller,bweller1r@google.pl,Tools,$9.34,2017-09-14
Stefanie Cunnell,scunnell1s@51.la,Games,$39.30,2017-08-23
Deidre Churms,dchurms1t@free.fr,Movies,$9.74,2017-08-12
Hayden Whitefoot,hwhitefoot1u@geocities.jp,Games,$16.99,2017-05-12
Neil Clementi,nclementi1v@ted.com,Music,$24.72,2017-09-28
Nial Hakeworth,nhakeworth1w@google.es,Computers,$45.55,2017-07-30
Camel Antuoni,cantuoni1x@msu.edu,Automotive,$1.32,2017-06-06
Bertram Oliphard,boliphard1y@dailymail.co.uk,Electronics,$83.32,2017-06-06
Adriano Pennings,apennings1z@nyu.edu,Clothing,$19.78,2017-01-09
Elnora Quainton,equainton20@moonfruit.com,Jewelery,$81.53,2016-12-19
Richy Foxhall,rfoxhall21@newsvine.com,Jewelery,$46.18,2017-04-18
Gregorius Gunton,ggunton22@bloomberg.com,Tools,$41.31,2017-02-21
Clare Kloser,ckloser23@prweb.com,Games,$24.38,2016-12-22
Zarah Dudley,zdudley24@vk.com,Games,$70.13,2016-11-15
Shane Calven,scalven25@fastcompany.com,Kids,$40.15,2017-03-30
Geneva Kesby,gkesby26@yandex.ru,Jewelery,$29.40,2017-09-26
Garrick Vasilov,gvasilov27@usa.gov,Shoes,$55.73,2017-09-06
Connor Davsley,cdavsley28@angelfire.com,Games,$2.24,2016-10-09
Gerrilee Ivanchov,givanchov29@sakura.ne.jp,Jewelery,$34.74,2017-06-17
Margit Huard,mhuard2a@wiley.com,Baby,$30.99,2017-09-09
Louisette Hegg,lhegg2b@umich.edu,Music,$12.83,2016-10-31
Maryrose Linay,mlinay2c@cbsnews.com,Sports,$12.22,2016-12-15
Jyoti Pickles,jpickles2d@ocn.ne.jp,Jewelery,$64.35,2017-05-29
Reyna Jentle,rjentle2e@springer.com,Computers,$28.98,2017-01-07
Giraldo Aldritt,galdritt2f@nih.gov,Games,$65.07,2017-06-04
Tedmund Kinchin,tkinchin2g@prweb.com,Automotive,$35.07,2016-12-13
Sigfrid Crannell,scrannell2h@opera.com,Kids,$68.08,2017-05-11
Kip Baxendale,kbaxendale2i@jugem.jp,Music,$66.25,2017-05-30
Rani Durden,rdurden2j@unicef.org,Kids,$41.35,2017-07-26
Stephannie Gibbett,sgibbett2k@livejournal.com,Sports,$55.73,2017-03-04
Glenn Skottle,gskottle2l@over-blog.com,Kids,$37.76,2017-08-01
Lynnea Southerden,lsoutherden2m@mapquest.com,Home,$88.51,2017-03-06
Lyell Drysdall,ldrysdall2n@wikipedia.org,Automotive,$97.91,2017-07-22
Morie Brenard,mbrenard2o@independent.co.uk,Shoes,$66.00,2017-03-19
Reg Stych,rstych2p@icq.com,Toys,$52.22,2016-10-18
Kermit Lyddy,klyddy2q@kickstarter.com,Games,$46.60,2017-05-24
Morganica Shine,mshine2r@sourceforge.net,Health,$58.58,2017-05-31
Clem Focke,cfocke2s@ask.com,Clothing,$70.50,2017-03-23
Donall Briat,dbriat2t@chicagotribune.com,Home,$6.44,2017-02-18
Nell Wilmot,nwilmot2u@answers.com,Garden,$10.15,2017-04-07
Wilhelm Halshaw,whalshaw2v@unblog.fr,Home,$31.53,2017-05-27
Hephzibah Derr,hderr2w@ameblo.jp,Clothing,$8.81,2017-02-02
Francine Gilderoy,fgilderoy2x@homestead.com,Sports,$48.72,2016-10-13
Nancey Durn,ndurn2y@gravatar.com,Grocery,$65.29,2017-08-23
Wang Astridge,wastridge2z@cyberchimps.com,Toys,$32.57,2017-07-14
Darrelle Longthorne,dlongthorne30@wired.com,Jewelery,$24.82,2016-11-10
Linzy Brokenbrow,lbrokenbrow31@engadget.com,Beauty,$4.64,2017-02-10
Cyrille Lamar,clamar32@so-net.ne.jp,Movies,$11.14,2017-01-17
Analise Stormont,astormont33@posterous.com,Computers,$33.18,2016-12-17
Parnell Lory,plory34@omniture.com,Movies,$26.93,2017-03-07
Araldo Brickstock,abrickstock35@chronoengine.com,Garden,$63.81,2016-11-21
Maitilde Hoy,mhoy36@yelp.com,Jewelery,$14.63,2017-01-26
Jourdain Ballister,jballister37@plala.or.jp,Electronics,$89.32,2017-09-15
Amber Herion,aherion38@answers.com,Jewelery,$13.02,2017-04-06
Daniel Veltmann,dveltmann39@boston.com,Shoes,$17.62,2017-09-10
Yorker Blurton,yblurton3a@blog.com,Shoes,$49.52,2017-01-26
Tabor Garioch,tgarioch3b@facebook.com,Computers,$37.48,2017-09-22
Emilia Kassman,ekassman3c@instagram.com,Sports,$99.43,2017-09-17
Staci Mc Curlye,smc3d@skyrock.com,Books,$17.68,2017-01-10
Ladonna Jane,ljane3e@nifty.com,Computers,$54.51,2017-02-15
Aleksandr Bloan,abloan3f@google.com.hk,Health,$89.63,2017-09-29
Felita Maliffe,fmaliffe3g@hugedomains.com,Health,$18.79,2017-02-24
Tildi Ianne,tianne3h@unesco.org,Games,$8.23,2017-03-04
Kimberli Paull,kpaull3i@xinhuanet.com,Baby,$70.55,2016-10-27
Crissie Gerleit,cgerleit3j@google.de,Sports,$16.28,2017-01-03
Malissa Pristnor,mpristnor3k@nationalgeographic.com,Garden,$90.66,2017-08-08
Elizabet Dunphie,edunphie3l@elegantthemes.com,Toys,$74.84,2017-01-17
Vanny Cowpland,vcowpland3m@dagondesign.com,Kids,$7.68,2017-05-28
Margit Mingardi,mmingardi3n@google.cn,Home,$70.06,2017-01-12
Jackelyn Woolam,jwoolam3o@amazonaws.com,Music,$59.49,2016-10-30
Riordan Brittin,rbrittin3p@umich.edu,Movies,$45.09,2017-09-21
Annelise Lilion,alilion3q@wufoo.com,Sports,$7.90,2017-08-21
Jessa Maccree,jmaccree3r@spiegel.de,Health,$20.26,2017-08-15
Lurette Redborn,lredborn3s@wsj.com,Music,$89.80,2017-05-25
Prescott Indge,pindge3t@youtube.com,Outdoors,$3.56,2017-03-21
Zebedee Marie,zmarie3u@taobao.com,Baby,$86.74,2017-08-23
Ebba Halvosen,ehalvosen3v@thetimes.co.uk,Music,$56.83,2016-11-13
Jackquelin Sanzio,jsanzio3w@imdb.com,Games,$36.05,2017-06-30
Erina Louisot,elouisot3x@creativecommons.org,Health,$97.88,2017-02-20
Pammie Hinge,phinge3y@google.co.uk,Grocery,$4.39,2016-11-04
Starlene Igonet,sigonet3z@uiuc.edu,Garden,$17.77,2017-08-16
Kathrine Blayd,kblayd40@usda.gov,Sports,$27.12,2017-05-11
Ekaterina Pandey,epandey41@webeden.co.uk,Automotive,$92.40,2017-08-07
Thane Chasles,tchasles42@state.gov,Books,$14.21,2016-12-15
Templeton Warry,twarry43@163.com,Tools,$94.31,2017-09-22
Fergus Bartolomeo,fbartolomeo44@disqus.com,Tools,$48.87,2017-01-15
Darrell Kellington,dkellington45@who.int,Kids,$40.57,2017-09-23
Janith Fandrey,jfandrey46@bloomberg.com,Beauty,$5.25,2016-11-11
Greta Lodwig,glodwig47@weibo.com,Automotive,$21.28,2017-08-15
Gabbey Curnokk,gcurnokk48@senate.gov,Games,$77.80,2017-05-19
Emilie Tirone,etirone49@xing.com,Electronics,$14.88,2017-03-30
Angelique Spoure,aspoure4a@e-recht24.de,Movies,$75.86,2017-04-29
Mendy Limming,mlimming4b@rambler.ru,Tools,$70.14,2016-10-22
Egor Duckworth,educkworth4c@symantec.com,Baby,$56.63,2017-07-29
Thibaud Davydzenko,tdavydzenko4d@infoseek.co.jp,Toys,$7.43,2017-01-08
Eve Catenot,ecatenot4e@ihg.com,Grocery,$85.50,2017-06-27
Meta Mose,mmose4f@canalblog.com,Clothing,$39.36,2017-08-16
Margalo Oakden,moakden4g@bandcamp.com,Music,$99.35,2016-11-01
Stu Boog,sboog4h@hibu.com,Outdoors,$1.51,2017-07-31
Charley Goodlud,cgoodlud4i@woothemes.com,Clothing,$52.80,2017-01-08
Kalil Horlock,khorlock4j@shinystat.com,Outdoors,$49.87,2017-06-19
Zollie Sancroft,zsancroft4k@netscape.com,Grocery,$59.55,2017-03-26
Renelle Learie,rlearie4l@163.com,Computers,$88.52,2017-08-04
Dag Keele,dkeele4m@nyu.edu,Shoes,$8.09,2016-12-29
Brewer Thomazet,bthomazet4n@ihg.com,Grocery,$36.58,2016-11-28
Betteann Smethurst,bsmethurst4o@tinyurl.com,Books,$43.43,2017-06-08
Dino Bennen,dbennen4p@vk.com,Garden,$4.87,2016-12-05
Gale O' Byrne,go4q@blogs.com,Grocery,$94.87,2017-03-27
Elliot Mechic,emechic4r@marriott.com,Grocery,$77.38,2016-11-16
Hoyt Goforth,hgoforth4s@ibm.com,Baby,$84.65,2017-07-26
Jermaine Portch,jportch4t@altervista.org,Jewelery,$16.96,2017-09-02
Consalve Paraman,cparaman4u@canalblog.com,Garden,$85.46,2017-04-24
Wolfy Maffioni,wmaffioni4v@1688.com,Computers,$53.44,2017-05-28
Louisa Dessaur,ldessaur4w@engadget.com,Computers,$85.95,2017-06-06
Barrie Iskower,biskower4x@census.gov,Beauty,$96.53,2016-12-31
Karil Steane,ksteane4y@shinystat.com,Books,$98.17,2017-06-15
Emmaline Clemenza,eclemenza4z@hostgator.com,Electronics,$53.44,2017-04-19
Theodora Pallesen,tpallesen50@cnbc.com,Automotive,$36.41,2017-02-05
Angelo Reynold,areynold51@livejournal.com,Music,$87.57,2017-04-06
Clio Labbey,clabbey52@ifeng.com,Baby,$63.21,2017-07-16
Phillip Kinchlea,pkinchlea53@rediff.com,Baby,$60.86,2017-08-16
Bailie Dorcey,bdorcey54@microsoft.com,Garden,$73.15,2017-03-17
Starla Emlen,semlen55@gov.uk,Industrial,$78.55,2017-05-14
Brendin Dumbleton,bdumbleton56@nature.com,Home,$81.52,2016-11-06
Wallas Theunissen,wtheunissen57@nationalgeographic.com,Clothing,$80.90,2017-02-16
Trenna Bathowe,tbathowe58@tinyurl.com,Electronics,$3.93,2017-02-22
Bearnard Halleybone,bhalleybone59@goodreads.com,Beauty,$50.25,2017-01-28
Dewie Devitt,ddevitt5a@mozilla.com,Computers,$82.99,2017-07-25
Janot Farland,jfarland5b@skyrock.com,Health,$62.00,2016-10-21
Germayne Pierro,gpierro5c@dropbox.com,Health,$43.39,2016-12-28
Bonnibelle Goulter,bgoulter5d@lycos.com,Movies,$4.09,2017-09-23
Aldous Georgeson,ageorgeson5e@diigo.com,Baby,$62.01,2016-11-24
Ruthi Cleland,rcleland5f@over-blog.com,Toys,$91.00,2016-11-28
Aaron Rosberg,arosberg5g@berkeley.edu,Jewelery,$4.94,2017-03-02
Darice Greendale,dgreendale5h@amazonaws.com,Movies,$23.51,2017-04-10
Robbie Tomashov,rtomashov5i@seattletimes.com,Home,$30.02,2017-07-17
Michaela Tutchell,mtutchell5j@indiatimes.com,Baby,$63.00,2017-09-18
Derrik Rumens,drumens5k@businessweek.com,Books,$23.96,2017-07-29
Matty Cours,mcours5l@sitemeter.com,Beauty,$85.42,2016-11-23
Dolf Cunnington,dcunnington5m@wix.com,Health,$44.56,2017-09-14
Philippe Olczyk,polczyk5n@mail.ru,Sports,$30.49,2016-11-26
Bentley Abeau,babeau5o@addtoany.com,Clothing,$11.07,2016-10-08
Mohammed Watling,mwatling5p@mozilla.org,Music,$48.10,2017-06-13
Ban Blunt,bblunt5q@toplist.cz,Clothing,$68.80,2017-09-09
Victor Prendeville,vprendeville5r@yahoo.com,Baby,$70.00,2017-01-06
Leyla Tunnow,ltunnow5s@lycos.com,Games,$29.71,2016-11-29
Cherry Gillbey,cgillbey5t@imageshack.us,Computers,$2.49,2016-12-26
Gilbertina Monkleigh,gmonkleigh5u@bloglovin.com,Grocery,$69.54,2016-12-19
Denny Lozano,dlozano5v@usnews.com,Kids,$2.60,2016-10-27
Stacee Bryceson,sbryceson5w@ucoz.com,Beauty,$24.77,2017-05-26
Benny Prewer,bprewer5x@360.cn,Industrial,$99.58,2017-05-25
William Mainland,wmainland5y@yale.edu,Music,$30.14,2016-11-30
Yelena Charnock,ycharnock5z@bbc.co.uk,Shoes,$49.68,2017-06-16
Lou Ellerey,lellerey60@goo.gl,Industrial,$61.94,2017-08-29
Agnella Vaan,avaan61@ucsd.edu,Jewelery,$51.34,2017-01-02
Heda Todman,htodman62@bbb.org,Automotive,$64.44,2017-05-04
Onofredo Basilone,obasilone63@uol.com.br,Games,$26.46,2017-01-07
Kristi Neill,kneill64@hostgator.com,Movies,$46.11,2016-10-07
Gabriella Vautier,gvautier65@about.com,Sports,$1.15,2017-09-07
Jacklyn Davidai,jdavidai66@ehow.com,Clothing,$26.36,2017-03-30
Efrem Kyffin,ekyffin67@intel.com,Movies,$1.45,2017-06-02
Laurie Jurs,ljurs68@uiuc.edu,Books,$6.81,2017-04-04
Gilligan Dorbon,gdorbon69@indiatimes.com,Automotive,$60.82,2017-03-04
Silvester Cecil,scecil6a@acquirethisname.com,Clothing,$50.53,2017-08-24
Jacquetta Bengoechea,jbengoechea6b@kickstarter.com,Baby,$5.13,2017-07-17
Grayce Coldbath,gcoldbath6c@baidu.com,Outdoors,$57.69,2017-02-18
Dev Meininking,dmeininking6d@msu.edu,Jewelery,$56.00,2016-12-06
Eberhard Potte,epotte6e@g.co,Sports,$80.44,2017-04-11
Domini Swinden,dswinden6f@latimes.com,Automotive,$23.56,2017-02-19
Ignacius Massel,imassel6g@facebook.com,Electronics,$45.71,2017-05-23
Sheri Collcutt,scollcutt6h@google.es,Electronics,$65.18,2017-08-21
Stefan Bettenson,sbettenson6i@google.es,Grocery,$91.17,2017-04-04
Cosimo Laflin,claflin6j@pen.io,Movies,$88.32,2017-05-03
Jemmy Abrahamoff,jabrahamoff6k@oaic.gov.au,Baby,$26.95,2016-12-27
Shawn Rigmand,srigmand6l@nature.com,Automotive,$21.57,2017-04-23
Patrizius Kynd,pkynd6m@newsvine.com,Baby,$46.89,2017-09-24
Fin Ox,fox6n@narod.ru,Tools,$95.30,2017-02-08
Adelbert Eskriet,aeskriet6o@redcross.org,Grocery,$6.57,2017-07-29
Jordon Gunton,jgunton6p@loc.gov,Music,$91.87,2017-01-18
Chad Rochelle,crochelle6q@marriott.com,Books,$58.33,2016-12-02
Jeffrey Challin,jchallin6r@cdc.gov,Garden,$55.37,2017-07-24
Kaitlyn McCarrell,kmccarrell6s@constantcontact.com,Computers,$84.39,2016-11-18
Kalila Jolliff,kjolliff6t@photobucket.com,Kids,$85.74,2016-12-25
Elinore Brou,ebrou6u@shutterfly.com,Kids,$43.14,2017-04-24
Drew Ambler,dambler6v@ocn.ne.jp,Home,$15.74,2017-05-28
Debi Hubbuck,dhubbuck6w@myspace.com,Garden,$3.72,2017-03-27
Joaquin Rogers,jrogers6x@squidoo.com,Clothing,$34.43,2017-03-28
Reade Bernardes,rbernardes6y@webs.com,Grocery,$52.84,2017-09-04
Jessika Sketchley,jsketchley6z@vk.com,Tools,$18.63,2016-10-24
Brina Gagie,bgagie70@wisc.edu,Toys,$4.35,2017-02-06
Tad Cossom,tcossom71@indiatimes.com,Health,$6.76,2017-03-04
Kippie McCaskill,kmccaskill72@hao123.com,Beauty,$64.74,2016-12-21
Dianemarie Huddleston,dhuddleston73@nbcnews.com,Garden,$26.33,2017-03-01
Maure Clemmen,mclemmen74@plala.or.jp,Electronics,$96.12,2016-11-07
Afton Gullyes,agullyes75@shutterfly.com,Clothing,$19.58,2017-08-11
Patrizius Eaken,peaken76@scribd.com,Beauty,$77.42,2017-05-09
Alys Roskelly,aroskelly77@surveymonkey.com,Electronics,$7.01,2017-09-29
Tabb Harefoot,tharefoot78@hibu.com,Beauty,$21.00,2017-06-18
Loree Slemmonds,lslemmonds79@rakuten.co.jp,Health,$59.77,2017-01-21
Debra McPike,dmcpike7a@redcross.org,Beauty,$31.28,2017-05-14
Calley Chasles,cchasles7b@hexun.com,Home,$22.05,2017-03-31
Salvatore MacGow,smacgow7c@i2i.jp,Toys,$1.77,2017-07-18
Rory Steanyng,rsteanyng7d@odnoklassniki.ru,Grocery,$2.52,2017-08-27
Vale Dupre,vdupre7e@1und1.de,Games,$28.30,2017-09-27
Diego Rusk,drusk7f@naver.com,Electronics,$6.90,2016-10-28
Claudelle Peak,cpeak7g@flickr.com,Garden,$12.59,2017-03-30
Cathee Jays,cjays7h@toplist.cz,Shoes,$7.93,2017-09-08
Del Thompson,dthompson7i@delicious.com,Automotive,$78.64,2016-11-14
Frederich Juppe,fjuppe7j@woothemes.com,Grocery,$27.36,2017-03-22
Matilde Corter,mcorter7k@independent.co.uk,Music,$41.34,2017-09-12
Murry Bosward,mbosward7l@umich.edu,Books,$30.80,2017-02-19
Rafaellle Fitzhenry,rfitzhenry7m@thetimes.co.uk,Automotive,$46.32,2017-03-27
Christophorus Umbers,cumbers7n@wsj.com,Baby,$85.71,2017-09-18
Justin Leyden,jleyden7o@cbc.ca,Movies,$41.45,2017-04-29
Osborne Markos,omarkos7p@weebly.com,Health,$41.39,2016-10-22
Danette Savoury,dsavoury7q@mapy.cz,Automotive,$5.89,2017-09-19
Dimitri Vasilchenko,dvasilchenko7r@desdev.cn,Computers,$25.11,2017-08-23
Alfie Dewar,adewar7s@cpanel.net,Electronics,$19.02,2017-03-20
Paulie Andriuzzi,pandriuzzi7t@dyndns.org,Music,$68.35,2017-04-02
Alfi McKinnell,amckinnell7u@infoseek.co.jp,Outdoors,$5.84,2017-04-16
Olva Lammerich,olammerich7v@house.gov,Shoes,$14.22,2016-10-01
Leisha Rochester,lrochester7w@exblog.jp,Health,$93.33,2017-02-25
Noellyn Doche,ndoche7x@privacy.gov.au,Beauty,$20.09,2017-06-21
Georgetta Urey,gurey7y@eepurl.com,Industrial,$96.13,2017-06-04
Aurora Casillas,acasillas7z@hao123.com,Garden,$81.63,2017-06-04
Adrien Iacomi,aiacomi80@jimdo.com,Movies,$31.25,2016-10-09
Bethena Izkovitz,bizkovitz81@ucsd.edu,Tools,$38.87,2017-07-10
Devland Anand,danand82@theatlantic.com,Baby,$57.09,2017-08-10
Nanon Whitfield,nwhitfield83@tripod.com,Home,$83.11,2017-01-09
Nevin McAvin,nmcavin84@prweb.com,Games,$85.14,2017-02-27
Carmine Biddiss,cbiddiss85@t-online.de,Garden,$28.24,2016-12-04
Reggi MacNeish,rmacneish86@elegantthemes.com,Baby,$36.78,2017-08-06
Selene Pawelczyk,spawelczyk87@nationalgeographic.com,Jewelery,$33.67,2016-11-07
Fairfax Haggith,fhaggith88@gnu.org,Automotive,$48.53,2017-03-30
Kitti Whates,kwhates89@answers.com,Shoes,$17.25,2017-03-29
Neila Yanele,nyanele8a@mozilla.com,Home,$68.41,2017-09-10
Antonio Plascott,aplascott8b@dropbox.com,Electronics,$8.99,2017-05-09
Keith Trunks,ktrunks8c@washington.edu,Toys,$46.14,2017-09-19
Georgia Terney,gterney8d@ft.com,Outdoors,$42.14,2017-05-25
Aurora Ferns,aferns8e@xrea.com,Home,$98.39,2017-01-05
Kristen Waliszewski,kwaliszewski8f@businessinsider.com,Shoes,$83.54,2016-11-07
Tybi Beiderbecke,tbeiderbecke8g@ning.com,Health,$91.30,2017-01-18
Fabian Hunton,fhunton8h@soup.io,Tools,$5.73,2017-06-07
Walker Gore,wgore8i@irs.gov,Music,$77.98,2017-08-25
Catriona Driussi,cdriussi8j@github.com,Garden,$50.35,2016-12-23
Barbara-anne Cawsey,bcawsey8k@tripod.com,Health,$75.38,2016-10-16
Henryetta Hillett,hhillett8l@pagesperso-orange.fr,Electronics,$59.52,2017-03-20
Boyce Andreou,bandreou8m@walmart.com,Jewelery,$60.77,2016-10-19
Renie Kornyakov,rkornyakov8n@va.gov,Electronics,$29.42,2017-02-19
Carla Hoyland,choyland8o@ebay.co.uk,Shoes,$52.43,2017-08-04
Shelden Quittonden,squittonden8p@macromedia.com,Shoes,$14.52,2017-08-12
Sergeant Simonetti,ssimonetti8q@pagesperso-orange.fr,Home,$15.35,2017-05-13
Alisun McCormack,amccormack8r@amazon.co.uk,Garden,$90.68,2016-11-24
Tab Dewdeny,tdewdeny8s@webs.com,Garden,$62.43,2016-10-26
Ives Dunseith,idunseith8t@scribd.com,Electronics,$43.35,2017-09-19
Nora Januszewski,njanuszewski8u@blogspot.com,Electronics,$3.87,2017-06-24
Mariellen Buckner,mbuckner8v@drupal.org,Shoes,$78.59,2017-01-16
Blythe Trethewey,btrethewey8w@last.fm,Games,$21.98,2017-08-13
Willi Linn,wlinn8x@alibaba.com,Health,$23.21,2016-10-06
Kippie Traut,ktraut8y@comcast.net,Shoes,$99.58,2017-08-04
Jdavie Gosden,jgosden8z@meetup.com,Garden,$69.78,2017-09-23
Gypsy Brewer,gbrewer90@baidu.com,Sports,$6.54,2016-12-08
Alana Dolligon,adolligon91@woothemes.com,Shoes,$96.40,2016-10-03
Averil Leveret,aleveret92@myspace.com,Kids,$99.94,2016-11-16
Eldredge Dobrovsky,edobrovsky93@go.com,Shoes,$70.28,2016-12-14
Gwenny Littleproud,glittleproud94@yale.edu,Baby,$92.50,2017-05-26
Elinore Scully,escully95@wikia.com,Computers,$22.10,2017-06-25
Peirce Real,preal96@weibo.com,Toys,$95.28,2016-12-13
Damon Keady,dkeady97@dion.ne.jp,Movies,$21.47,2016-12-03
Berty Derisley,bderisley98@dmoz.org,Tools,$23.08,2017-09-27
Trevar Camelli,tcamelli99@bbb.org,Health,$14.28,2017-06-01
Jaime Brimmacombe,jbrimmacombe9a@columbia.edu,Sports,$63.45,2017-05-03
Dwayne Pococke,dpococke9b@sciencedaily.com,Garden,$89.21,2017-04-14
Olympie Lowey,olowey9c@bravesites.com,Music,$50.43,2017-06-18
Gwynne Gunther,ggunther9d@opera.com,Automotive,$87.80,2017-02-21
Philippa Babber,pbabber9e@cbc.ca,Clothing,$6.52,2016-12-12
Flossy Linnitt,flinnitt9f@vimeo.com,Shoes,$70.93,2017-01-25
Thelma Maddison,tmaddison9g@phpbb.com,Jewelery,$67.87,2017-03-16
Jaymie Fuidge,jfuidge9h@drupal.org,Baby,$86.70,2017-05-18
Queenie McCardle,qmccardle9i@oracle.com,Automotive,$59.95,2017-03-15
Salvatore Corran,scorran9j@shutterfly.com,Kids,$13.69,2017-02-03
Boycie Rosengart,brosengart9k@wired.com,Music,$76.25,2017-04-13
Jaime Redd,jredd9l@mayoclinic.com,Clothing,$13.15,2017-03-26
Kaile Symcock,ksymcock9m@icq.com,Beauty,$29.22,2017-06-08
Zsazsa Brahan,zbrahan9n@apache.org,Electronics,$20.72,2017-09-23
Mortie Wollacott,mwollacott9o@acquirethisname.com,Movies,$45.85,2017-05-30
Neddie Absolon,nabsolon9p@sogou.com,Electronics,$53.54,2017-01-30
Dian Edlyne,dedlyne9q@mozilla.com,Sports,$58.89,2017-06-30
Biddy McPhaden,bmcphaden9r@fastcompany.com,Toys,$52.27,2017-08-20
Alina Mayoh,amayoh9s@globo.com,Outdoors,$54.51,2017-01-07
Elle Cassam,ecassam9t@dagondesign.com,Grocery,$35.55,2017-08-17
Bram Strachan,bstrachan9u@unblog.fr,Kids,$17.21,2017-03-28
Richy Freund,rfreund9v@google.ru,Games,$57.41,2017-01-16
Roanna Boraston,rboraston9w@blinklist.com,Toys,$65.60,2017-01-10
Miguel Euplate,meuplate9x@tripod.com,Computers,$5.02,2017-03-07
Shelton Sallenger,ssallenger9y@stanford.edu,Computers,$27.95,2017-07-22
Ringo Caunt,rcaunt9z@dailymail.co.uk,Home,$15.25,2016-10-13
Thia Hannant,thannanta0@unblog.fr,Grocery,$47.52,2017-01-11
Sergei Measham,smeashama1@wordpress.org,Movies,$12.69,2017-05-27
De witt Mitroshinov,dwitta2@xinhuanet.com,Games,$83.74,2016-12-01
Sig Zarfai,szarfaia3@friendfeed.com,Sports,$98.96,2017-05-30
Noby Bruniges,nbrunigesa4@posterous.com,Computers,$6.70,2017-03-13
Mahala Heffron,mheffrona5@wix.com,Sports,$27.04,2017-04-17
Erena Normanville,enormanvillea6@wikimedia.org,Movies,$7.01,2017-09-27
Rocky Kitter,rkittera7@gizmodo.com,Clothing,$47.53,2017-01-27
D'arcy MacRury,dmacrurya8@blogs.com,Automotive,$34.62,2017-02-26
Horst Allchorne,hallchornea9@meetup.com,Sports,$4.48,2017-04-15
Susanetta Connah,sconnahaa@shop-pro.jp,Toys,$58.97,2017-04-04
Di Binfield,dbinfieldab@earthlink.net,Tools,$19.44,2017-07-10
Nolly Cowoppe,ncowoppeac@reddit.com,Tools,$32.42,2017-08-12
Leodora Damrell,ldamrellad@nps.gov,Toys,$84.43,2017-03-17
Petrina Halladey,phalladeyae@multiply.com,Outdoors,$84.95,2017-03-20
Merrill Mapp,mmappaf@cmu.edu,Games,$41.48,2017-06-15
Prue Grolmann,pgrolmannag@artisteer.com,Sports,$84.77,2017-01-28
Priscilla Laidlow,plaidlowah@goodreads.com,Jewelery,$47.42,2017-08-28
Tremain Spinetti,tspinettiai@ucsd.edu,Computers,$17.66,2016-10-07
Marie-jeanne Peever,mpeeveraj@ning.com,Toys,$38.89,2017-07-23
Gran Szimoni,gszimoniak@soup.io,Toys,$42.32,2017-01-31
Lorant Comolli,lcomollial@google.com.hk,Movies,$81.45,2017-03-29
Josefa Gammons,jgammonsam@alibaba.com,Books,$59.32,2016-12-15
Aldon Kier,akieran@bbc.co.uk,Industrial,$30.07,2017-01-05
Milo Eborn,mebornao@elpais.com,Kids,$47.84,2017-05-22
Mellisent Branney,mbranneyap@wisc.edu,Automotive,$18.19,2017-09-04
Ailyn Oldall,aoldallaq@foxnews.com,Kids,$96.49,2017-04-14
Blaine Riply,briplyar@cdc.gov,Baby,$53.36,2016-10-13
Shaine Shimman,sshimmanas@ibm.com,Movies,$95.41,2017-04-20
Louis Hindge,lhindgeat@wordpress.org,Tools,$94.84,2017-02-10
Dene Phettiplace,dphettiplaceau@pinterest.com,Industrial,$69.98,2016-10-03
Nicholle Rubartelli,nrubartelliav@newyorker.com,Kids,$90.11,2017-06-01
Tabina Daldry,tdaldryaw@harvard.edu,Computers,$67.81,2016-09-30
Sancho Leyre,sleyreax@blogger.com,Tools,$76.84,2016-12-03
Sophronia Hodgets,shodgetsay@amazon.co.jp,Outdoors,$25.67,2017-09-03
Gertrude Irnys,girnysaz@ocn.ne.jp,Computers,$91.07,2017-09-15
Othella Cran,ocranb0@vimeo.com,Garden,$30.13,2017-09-24
Husain Cobbledick,hcobbledickb1@vkontakte.ru,Movies,$53.85,2016-12-04
Leandra Gatchell,lgatchellb2@redcross.org,Health,$90.24,2017-09-21
Shawnee Roseborough,sroseboroughb3@virginia.edu,Industrial,$61.77,2016-12-10
Petronella Buckenham,pbuckenhamb4@bandcamp.com,Health,$86.39,2017-04-02
Gianina Lorden,glordenb5@soundcloud.com,Outdoors,$36.86,2017-01-17
Ros Cherrett,rcherrettb6@ebay.com,Sports,$71.63,2017-01-11
Jule Tidmarsh,jtidmarshb7@addtoany.com,Kids,$95.04,2017-09-05
Adrian Joslin,ajoslinb8@chicagotribune.com,Movies,$57.90,2016-10-04
Isobel Weins,iweinsb9@tumblr.com,Sports,$84.74,2017-01-26
Kippie Frank,kfrankba@kickstarter.com,Clothing,$56.66,2016-12-01
Marty Giggie,mgiggiebb@slideshare.net,Baby,$69.14,2016-11-06
Rhiamon Ratazzi,rratazzibc@meetup.com,Health,$93.38,2017-09-25
Debbie Mayho,dmayhobd@jigsy.com,Computers,$80.36,2017-04-18
Diane-marie Ceresa,dceresabe@paginegialle.it,Electronics,$13.27,2017-08-22
Coriss Grieve,cgrievebf@istockphoto.com,Sports,$4.44,2017-07-16
Emile Rash,erashbg@goodreads.com,Movies,$70.54,2016-12-27
Base Crips,bcripsbh@ezinearticles.com,Home,$84.90,2016-10-28
Dorene Baxill,dbaxillbi@amazon.de,Garden,$13.68,2017-09-10
Abdel Caveney,acaveneybj@sfgate.com,Grocery,$53.27,2017-01-02
Erich Pomfrey,epomfreybk@marriott.com,Industrial,$45.80,2017-08-07
Helsa Windous,hwindousbl@howstuffworks.com,Industrial,$54.06,2017-02-16
Weston Osmint,wosmintbm@wikispaces.com,Music,$86.32,2017-04-02
Cecily Tinner,ctinnerbn@exblog.jp,Kids,$57.33,2017-04-19
Ardis Samter,asamterbo@behance.net,Home,$26.43,2017-09-27
Drugi Becconsall,dbecconsallbp@slate.com,Home,$70.11,2016-12-31
Ronda Eyrl,reyrlbq@wp.com,Industrial,$27.04,2017-05-13
Halsey Da Costa,hdabr@fc2.com,Health,$95.38,2017-02-05
Noby Francescuzzi,nfrancescuzzibs@over-blog.com,Computers,$74.24,2017-09-16
Lottie Farbrace,lfarbracebt@senate.gov,Outdoors,$81.48,2017-04-21
Becky Ridhole,bridholebu@bigcartel.com,Books,$73.13,2017-07-21
Desmund Brazenor,dbrazenorbv@pbs.org,Tools,$6.57,2017-08-17
Sonnnie Giacaponi,sgiacaponibw@ow.ly,Outdoors,$77.52,2017-06-07
Archaimbaud Penny,apennybx@europa.eu,Automotive,$59.17,2017-01-31
Sarge Quaife,squaifeby@sourceforge.net,Jewelery,$78.70,2017-05-27
Kele McIlhagga,kmcilhaggabz@bloglovin.com,Kids,$61.14,2016-12-12
Erwin Koomar,ekoomarc0@digg.com,Computers,$45.79,2017-09-22
Layne Dandie,ldandiec1@theglobeandmail.com,Baby,$55.12,2016-10-05
Zollie Pickvance,zpickvancec2@bloglines.com,Garden,$26.56,2017-02-09
Anetta McInteer,amcinteerc3@thetimes.co.uk,Electronics,$18.20,2016-12-03
Pedro Howgego,phowgegoc4@dailymotion.com,Shoes,$12.01,2017-05-03
Ginni Wornum,gwornumc5@ftc.gov,Clothing,$35.26,2016-10-31
Burtie Shilleto,bshilletoc6@tamu.edu,Baby,$63.11,2017-03-31
Olvan Martins,omartinsc7@gizmodo.com,Electronics,$34.93,2017-06-19
Ninnetta Lecointe,nlecointec8@slideshare.net,Automotive,$35.44,2017-09-13
Bev Beviss,bbevissc9@patch.com,Jewelery,$27.59,2017-03-17
Marita Muffett,mmuffettca@delicious.com,Automotive,$60.30,2017-01-18
Eugine Sturgeon,esturgeoncb@gravatar.com,Games,$75.46,2017-01-17
Tamas Davys,tdavyscc@gnu.org,Books,$51.43,2017-01-16
Ynez Theunissen,ytheunissencd@blogs.com,Movies,$86.90,2016-12-05
Sherwood Ferrulli,sferrullice@ocn.ne.jp,Tools,$86.77,2017-06-08
Renate Asty,rastycf@nyu.edu,Baby,$99.01,2017-04-06
Carlene Woolsey,cwoolseycg@google.ca,Grocery,$88.11,2016-10-11
Blisse Millea,bmilleach@accuweather.com,Tools,$48.13,2017-09-02
Giselle Leeds,gleedsci@google.com.br,Grocery,$19.78,2017-05-23
Gray Petley,gpetleycj@dedecms.com,Home,$64.48,2017-03-23
Rhianna Sommer,rsommerck@123-reg.co.uk,Kids,$22.24,2017-06-07
Ingra Chaikovski,ichaikovskicl@hexun.com,Jewelery,$22.71,2017-01-17
Munroe Pilgram,mpilgramcm@cmu.edu,Sports,$90.34,2016-12-25
Morgen Challice,mchallicecn@soup.io,Industrial,$26.83,2017-06-28
Joela Cordingley,jcordingleyco@npr.org,Tools,$67.07,2016-12-10
Curcio Pharro,cpharrocp@hud.gov,Books,$43.04,2017-04-28
Tressa Aumerle,taumerlecq@auda.org.au,Baby,$38.32,2016-12-02
Rodi Fehely,rfehelycr@hubpages.com,Health,$11.87,2017-02-05
Bobby Titterrell,btitterrellcs@csmonitor.com,Toys,$82.37,2017-05-14
Melinde Petyt,mpetytct@amazonaws.com,Jewelery,$95.56,2017-05-12
Gayle McCuaig,gmccuaigcu@google.es,Garden,$61.57,2017-04-16
Maison Ahmed,mahmedcv@noaa.gov,Garden,$38.18,2017-03-06
Karlie Lipson,klipsoncw@edublogs.org,Movies,$41.97,2017-06-29
Kylila Clowser,kclowsercx@ezinearticles.com,Clothing,$13.30,2016-10-07
Pete Laxe,plaxecy@google.com.br,Clothing,$38.78,2017-07-13
Dyanna Daniau,ddaniaucz@surveymonkey.com,Computers,$38.80,2017-06-27
Verney Noad,vnoadd0@washington.edu,Music,$74.73,2017-05-15
Ravid Barcroft,rbarcroftd1@parallels.com,Books,$83.82,2017-09-16
Gabbie Shorrock,gshorrockd2@4shared.com,Sports,$84.28,2017-06-13
Ranice Carpe,rcarped3@loc.gov,Books,$90.71,2017-04-10
Alayne Collens,acollensd4@slashdot.org,Health,$62.56,2017-01-10
Elsi Dearnley,edearnleyd5@mit.edu,Sports,$38.50,2016-12-16
Tandy Le Huquet,tled6@ucoz.com,Automotive,$68.11,2017-04-01
Erhart Orkney,eorkneyd7@studiopress.com,Home,$62.15,2017-04-25
Morten O'Lehane,molehaned8@behance.net,Games,$94.83,2016-12-05
Evangelin Cabble,ecabbled9@trellian.com,Kids,$50.79,2017-08-11
Killy Wavell,kwavellda@networkadvertising.org,Kids,$72.62,2017-07-05
Corrina Arboin,carboindb@free.fr,Home,$38.53,2016-11-20
Mose Bodd,mbodddc@theatlantic.com,Tools,$6.32,2017-06-11
Cassie Alelsandrovich,calelsandrovichdd@wordpress.org,Kids,$71.22,2017-01-09
Edvard Gooderson,egoodersonde@techcrunch.com,Garden,$74.97,2017-04-13
Evangelina Pethick,epethickdf@arizona.edu,Toys,$79.76,2017-04-03
Carla Rathmell,crathmelldg@seesaa.net,Grocery,$50.77,2017-08-29
Ignatius Deamer,ideamerdh@cargocollective.com,Movies,$38.44,2016-10-16
Bili Jarratt,bjarrattdi@360.cn,Tools,$56.37,2017-08-14
Deloria Yearns,dyearnsdj@linkedin.com,Tools,$13.66,2017-03-02
Francisco Greated,fgreateddk@clickbank.net,Movies,$69.02,2017-02-27
Jefferson Martygin,jmartygindl@icq.com,Garden,$61.73,2016-11-05
Jacintha Barwack,jbarwackdm@discovery.com,Computers,$78.92,2017-03-12
Orelle Guiso,oguisodn@theglobeandmail.com,Games,$67.99,2016-11-24
Dalia Deek,ddeekdo@squidoo.com,Clothing,$97.71,2017-08-27
Diarmid Wagstaff,dwagstaffdp@live.com,Health,$83.97,2016-11-06
Imelda De Domenicis,idedq@fc2.com,Garden,$87.53,2016-12-10
Celesta Upston,cupstondr@cnbc.com,Outdoors,$86.06,2016-10-16
Kylie Rouzet,krouzetds@blog.com,Clothing,$37.12,2017-06-11
Aaren Iddenden,aiddendendt@blogger.com,Clothing,$28.03,2017-05-22
Stormy Lacase,slacasedu@imdb.com,Toys,$59.48,2017-02-19
Natalie Hirtz,nhirtzdv@about.me,Toys,$55.02,2017-03-20
Roderich MacGragh,rmacgraghdw@trellian.com,Clothing,$63.27,2016-10-21
Livvy Daid,ldaiddx@jugem.jp,Jewelery,$33.37,2017-08-04
Harlene Costelow,hcostelowdy@tripadvisor.com,Games,$17.05,2016-10-30
Obadias Catanheira,ocatanheiradz@latimes.com,Jewelery,$50.75,2017-04-25
Barbabas Dumberell,bdumberelle0@wikispaces.com,Toys,$14.01,2017-09-18
De witt Laverack,dwitte1@photobucket.com,Movies,$36.54,2017-03-15
Malina McDougal,mmcdougale2@umn.edu,Clothing,$27.05,2017-06-17
Albertine O'Lahy,aolahye3@craigslist.org,Kids,$37.25,2017-02-20
Garrett Syson,gsysone4@google.ru,Sports,$92.96,2017-01-31
Noelyn Wain,nwaine5@technorati.com,Outdoors,$86.06,2016-10-29
Mohandas Statter,mstattere6@dmoz.org,Jewelery,$31.45,2017-05-06
Zorina Herculson,zherculsone7@buzzfeed.com,Books,$62.02,2016-10-27
Craggy Kuhnwald,ckuhnwalde8@census.gov,Grocery,$2.07,2017-07-02
Cecilius Mattea,cmatteae9@uol.com.br,Shoes,$22.20,2017-05-22
Hammad Souley,hsouleyea@simplemachines.org,Movies,$95.70,2016-11-06
Faustine Shoard,fshoardeb@intel.com,Garden,$33.23,2016-12-30
Joice Pleace,jpleaceec@yellowbook.com,Beauty,$73.46,2017-08-02
Ellis Grigaut,egrigauted@mtv.com,Games,$11.14,2017-06-07
Kathleen Battabee,kbattabeeee@dell.com,Beauty,$34.97,2016-12-25
Cristy Mullaney,cmullaneyef@quantcast.com,Garden,$89.64,2017-06-24
Rycca Tillard,rtillardeg@amazon.com,Computers,$81.54,2017-08-21
Ashly Gellert,agellerteh@foxnews.com,Clothing,$16.43,2017-01-15
Kev Leachman,kleachmanei@dagondesign.com,Garden,$87.67,2017-04-17
Mikaela Tilsley,mtilsleyej@spotify.com,Outdoors,$50.50,2016-10-04
Philippe Millery,pmilleryek@feedburner.com,Electronics,$51.25,2016-12-21
Valentia Vasilischev,vvasilischevel@qq.com,Beauty,$46.65,2017-02-07
Romain Danslow,rdanslowem@scientificamerican.com,Clothing,$72.12,2017-08-08
Gustaf Dawidman,gdawidmanen@bigcartel.com,Kids,$23.84,2017-03-11
Nil Vinall,nvinalleo@jimdo.com,Grocery,$31.04,2016-10-21
Carmina Huntall,chuntallep@de.vu,Automotive,$61.46,2016-12-12
Corbin Leaf,cleafeq@friendfeed.com,Movies,$74.80,2017-02-28
Bunnie Avrasin,bavrasiner@github.io,Kids,$12.31,2017-01-07
Ursala Thackston,uthackstones@de.vu,Toys,$63.66,2017-09-23
Alvin Maving,amavinget@tripod.com,Home,$14.64,2017-02-10
Liza Cavet,lcaveteu@hexun.com,Tools,$66.22,2017-02-22
Ansley Purkis,apurkisev@github.com,Books,$60.25,2016-12-30
Annabal Linneman,alinnemanew@reference.com,Movies,$69.31,2017-05-31
Fayina Cuseick,fcuseickex@utexas.edu,Beauty,$20.73,2017-04-20
Layton Cardello,lcardelloey@google.de,Games,$59.57,2017-02-05
Loren Landells,llandellsez@forbes.com,Health,$50.93,2016-10-22
Angel Guildford,aguildfordf0@webnode.com,Industrial,$49.79,2017-09-13
Lombard Parfrey,lparfreyf1@sitemeter.com,Industrial,$48.73,2017-06-01
Emmy Chilles,echillesf2@house.gov,Baby,$3.32,2017-01-28
Sula Coursor,scoursorf3@cbslocal.com,Outdoors,$44.01,2017-04-24
Gianina Tomlin,gtomlinf4@epa.gov,Beauty,$6.82,2017-07-16
Daisi Doyle,ddoylef5@linkedin.com,Toys,$16.72,2017-09-04
Sarene Dyment,sdymentf6@narod.ru,Movies,$11.66,2017-09-15
Marcelia Murrey,mmurreyf7@i2i.jp,Tools,$11.84,2016-12-03
Dita Abrahami,dabrahamif8@sitemeter.com,Garden,$91.05,2017-06-13
Carlyn Collins,ccollinsf9@joomla.org,Garden,$37.23,2017-09-21
Pearline Redon,predonfa@fema.gov,Home,$72.44,2017-03-28
Judi Goodinson,jgoodinsonfb@japanpost.jp,Industrial,$91.99,2016-10-06
Elenore Diver,ediverfc@desdev.cn,Outdoors,$72.60,2016-10-31
Paddie Passo,ppassofd@tamu.edu,Music,$21.50,2017-06-07
Burlie Fellini,bfellinife@wix.com,Jewelery,$32.57,2017-02-16
Artur Newton,anewtonff@nsw.gov.au,Health,$93.14,2017-08-23
Lukas Crickmore,lcrickmorefg@amazonaws.com,Computers,$61.15,2016-11-25
Jennica Masse,jmassefh@dagondesign.com,Home,$62.59,2017-07-14
Gayelord Hall,ghallfi@sciencedaily.com,Kids,$97.05,2017-07-03
Davidde Pentland,dpentlandfj@chron.com,Movies,$40.22,2016-10-16
Prisca Stolze,pstolzefk@ovh.net,Grocery,$87.17,2017-01-29
Clayton Chown,cchownfl@yellowbook.com,Toys,$79.15,2017-01-15
Andi Yukhnov,ayukhnovfm@fastcompany.com,Music,$86.58,2017-04-14
Vidovic Kleinplatz,vkleinplatzfn@google.com.br,Clothing,$76.28,2016-12-02
Bill Janca,bjancafo@wunderground.com,Health,$39.31,2017-08-28
Isaiah Daton,idatonfp@msu.edu,Games,$45.70,2017-01-05
Lita Haliburton,lhaliburtonfq@cisco.com,Computers,$70.88,2017-03-12
Seana Hebbs,shebbsfr@blogs.com,Sports,$5.53,2016-10-02
Dimitry Cuvley,dcuvleyfs@mashable.com,Kids,$64.63,2017-02-04
Phillipe Jeskins,pjeskinsft@apple.com,Health,$23.16,2017-09-05
Luis Maunsell,lmaunsellfu@list-manage.com,Baby,$58.79,2017-04-08
Hersh Stinchcombe,hstinchcombefv@phpbb.com,Home,$83.68,2017-02-07
Rory Kieran,rkieranfw@blog.com,Automotive,$27.88,2017-02-26
Nonna Shadrach,nshadrachfx@storify.com,Tools,$76.18,2017-01-20
Candi Joslin,cjoslinfy@storify.com,Garden,$37.11,2016-10-01
Paige Snartt,psnarttfz@latimes.com,Jewelery,$20.68,2016-12-12
Ainslie Blacksell,ablacksellg0@over-blog.com,Computers,$59.55,2017-07-22
Marissa O'Farris,mofarrisg1@time.com,Sports,$49.19,2016-10-31
Lion Crewes,lcrewesg2@alibaba.com,Home,$71.75,2016-10-02
Margarette Hunston,mhunstong3@wikia.com,Tools,$39.77,2016-12-14
Sven Frantsev,sfrantsevg4@tinypic.com,Grocery,$3.94,2017-06-03
Karlene Ditchfield,kditchfieldg5@stanford.edu,Electronics,$9.44,2017-08-29
Huntington Wadeson,hwadesong6@baidu.com,Automotive,$13.42,2016-11-30
Ursula Derobert,uderobertg7@cbsnews.com,Kids,$42.40,2016-11-03
Edgar Belt,ebeltg8@usatoday.com,Garden,$57.62,2017-01-25
Shannah Pury,spuryg9@imdb.com,Tools,$16.90,2016-12-28
Kippie Ranscome,kranscomega@sohu.com,Health,$22.41,2017-07-12
Lenard Budge,lbudgegb@booking.com,Toys,$28.97,2017-08-18
Zilvia Minnis,zminnisgc@spiegel.de,Music,$89.09,2016-12-30
Whit Bugg,wbugggd@nyu.edu,Toys,$74.45,2017-05-27
Mara Haggath,mhaggathge@parallels.com,Grocery,$24.71,2017-06-24
Zacharia Poat,zpoatgf@bizjournals.com,Kids,$81.30,2017-07-13
Gannon Norrey,gnorreygg@unicef.org,Electronics,$29.25,2017-04-04
Griffith Castleton,gcastletongh@naver.com,Games,$49.23,2017-06-02
Shayna Sparry,ssparrygi@engadget.com,Tools,$90.52,2017-07-11
Kacey Timmins,ktimminsgj@noaa.gov,Automotive,$86.38,2017-01-01
Palm Bazell,pbazellgk@wikipedia.org,Outdoors,$85.15,2017-07-05
Carri Pocklington,cpocklingtongl@shop-pro.jp,Baby,$70.61,2017-01-26
Elsa Dawidman,edawidmangm@craigslist.org,Baby,$3.58,2017-05-16
Devin Underhill,dunderhillgn@hubpages.com,Music,$77.89,2017-02-04
Kristofer Pennini,kpenninigo@google.ca,Garden,$69.23,2017-04-06
Hilarius Beeble,hbeeblegp@tripadvisor.com,Sports,$95.42,2017-04-27
Freeman Prowting,fprowtinggq@wikimedia.org,Health,$75.57,2017-08-02
Clifford Gwyn,cgwyngr@fotki.com,Clothing,$15.64,2017-04-28
Normy Cornewell,ncornewellgs@amazon.co.jp,Games,$76.32,2017-06-17
Nealy Johnston,njohnstongt@blogs.com,Kids,$18.89,2017-02-17
Glad Catcheside,gcatchesidegu@skype.com,Games,$26.07,2017-09-26
Bobbie Windybank,bwindybankgv@booking.com,Computers,$90.81,2017-04-15
Kristyn Syversen,ksyversengw@yahoo.co.jp,Home,$79.81,2017-01-02
Dotti Grishankov,dgrishankovgx@yellowbook.com,Movies,$76.89,2017-01-02
Pat Crackel,pcrackelgy@seattletimes.com,Shoes,$18.61,2017-06-03
Erinna Ridsdell,eridsdellgz@netlog.com,Garden,$35.20,2016-12-12
Brigham Oakwell,boakwellh0@harvard.edu,Sports,$25.17,2017-07-17
Scot Trigg,striggh1@bloglovin.com,Electronics,$60.65,2017-01-21
Lucky Collinette,lcollinetteh2@time.com,Jewelery,$59.00,2017-09-07
Rebecca Golson,rgolsonh3@skyrock.com,Movies,$5.40,2017-04-12
Fredrika Ovitz,fovitzh4@uiuc.edu,Tools,$78.15,2017-04-10
Noel Le Fleming,nleh5@state.gov,Jewelery,$14.62,2016-11-04
Jim Oller,jollerh6@upenn.edu,Shoes,$23.03,2017-07-30
Pammi Veck,pveckh7@ask.com,Toys,$99.36,2017-06-08
Jephthah Barsham,jbarshamh8@weibo.com,Beauty,$14.40,2016-11-19
Mahalia Keuneke,mkeunekeh9@wix.com,Home,$48.56,2017-06-27
Vicky Mixture,vmixtureha@cornell.edu,Shoes,$89.15,2017-04-23
Andrej Senn,asennhb@sitemeter.com,Clothing,$78.12,2016-11-12
Letisha Nafzger,lnafzgerhc@joomla.org,Health,$48.73,2017-01-14
Cornie Asee,caseehd@exblog.jp,Electronics,$13.64,2017-01-27
Abram Gleader,agleaderhe@engadget.com,Toys,$79.31,2016-12-07
Doralynn Towse,dtowsehf@comcast.net,Jewelery,$95.63,2017-04-18
Sibelle Coyne,scoynehg@msn.com,Sports,$65.95,2017-09-23
Iris Knatt,iknatthh@google.nl,Kids,$26.84,2016-12-14
Merwyn Pratt,mpratthi@bravesites.com,Sports,$49.99,2017-07-16
Lannie Novic,lnovichj@statcounter.com,Jewelery,$43.22,2017-04-11
Dita Fowden,dfowdenhk@time.com,Music,$68.48,2016-12-24
Abbe Croom,acroomhl@yolasite.com,Clothing,$73.80,2017-04-21
Almeria Bamfield,abamfieldhm@squidoo.com,Clothing,$53.70,2017-05-29
Kelwin Clemenson,kclemensonhn@patch.com,Garden,$28.44,2017-02-26
Cory Bramford,cbramfordho@hao123.com,Electronics,$50.41,2017-05-18
Jayme Rilton,jriltonhp@simplemachines.org,Sports,$67.38,2016-12-31
Urbain Leander,uleanderhq@moonfruit.com,Jewelery,$8.09,2016-12-23
Kitti Rosenkranc,krosenkranchr@wikispaces.com,Tools,$22.29,2017-02-05
Esmeralda Mallinder,emallinderhs@sohu.com,Automotive,$75.46,2017-01-22
Lianna Luto,llutoht@springer.com,Industrial,$31.10,2017-06-20
Alvira Hallsworth,ahallsworthhu@skyrock.com,Books,$89.22,2017-05-02
Calhoun Siddele,csiddelehv@twitter.com,Sports,$74.05,2016-10-27
Harley Connick,hconnickhw@wunderground.com,Health,$82.28,2017-02-14
Karie Nattrass,knattrasshx@cam.ac.uk,Industrial,$21.88,2017-05-27
Kessiah Curnnokk,kcurnnokkhy@icio.us,Movies,$67.80,2017-09-09
Marjory Mouth,mmouthhz@godaddy.com,Clothing,$89.28,2016-12-24
Syman Odom,sodomi0@creativecommons.org,Toys,$98.36,2017-03-02
Hervey Boichat,hboichati1@webmd.com,Movies,$41.02,2017-06-25
Stinky Severns,ssevernsi2@youku.com,Games,$21.24,2017-09-06
Elane Beed,ebeedi3@home.pl,Toys,$24.04,2017-03-13
Ralf Revie,rreviei4@blog.com,Shoes,$74.27,2017-02-17
Christiano Tilbrook,ctilbrooki5@opera.com,Baby,$43.57,2016-11-24
Queenie Ayris,qayrisi6@aol.com,Outdoors,$94.54,2017-01-15
Ware Filipov,wfilipovi7@spiegel.de,Beauty,$27.85,2017-03-03
Elinore Tockell,etockelli8@vinaora.com,Music,$38.08,2017-08-06
Elana Bayfield,ebayfieldi9@so-net.ne.jp,Health,$13.55,2016-12-30
Griswold Sasser,gsasseria@github.com,Sports,$16.54,2017-05-12
Petronia Redit,preditib@wikimedia.org,Books,$14.17,2017-01-13
Fred Counter,fcounteric@phpbb.com,Sports,$63.68,2017-06-15
Tommy Ferrone,tferroneid@istockphoto.com,Home,$26.75,2017-07-03
Celia Deer,cdeerie@t.co,Electronics,$29.93,2017-04-03
Pascale Wilsher,pwilsherif@last.fm,Movies,$53.72,2017-05-21
Sayer Laskey,slaskeyig@digg.com,Movies,$45.72,2017-06-01
Arin Vearnals,avearnalsih@ucoz.ru,Grocery,$44.94,2017-04-07
Mathian Devers,mdeversii@nymag.com,Electronics,$93.04,2017-05-11
Inessa Lugg,iluggij@opensource.org,Grocery,$41.39,2016-10-06
Dmitri Tettersell,dtettersellik@dyndns.org,Games,$33.51,2016-12-05
Loutitia Alenin,laleninil@prweb.com,Computers,$40.64,2017-04-06
Halsey Colquitt,hcolquittim@amazon.de,Industrial,$96.97,2017-03-10
Kinna Elsom,kelsomin@nymag.com,Home,$4.13,2016-12-07
Arturo Thibodeaux,athibodeauxio@people.com.cn,Kids,$64.63,2017-01-18
Anselm Pidgley,apidgleyip@histats.com,Clothing,$33.12,2017-08-17
Birdie Levensky,blevenskyiq@github.com,Electronics,$73.70,2017-07-03
Reagen Robet,rrobetir@cyberchimps.com,Toys,$13.54,2017-01-01
Horatio Emm,hemmis@xing.com,Grocery,$65.80,2017-08-16
Aileen Beller,abellerit@go.com,Garden,$47.55,2017-03-21
Rivi Fuzzey,rfuzzeyiu@ihg.com,Tools,$86.35,2016-10-26
Teador Pingstone,tpingstoneiv@go.com,Home,$30.90,2017-09-25
Kizzee Tilliard,ktilliardiw@sohu.com,Electronics,$70.03,2017-08-17
Maynord Raecroft,mraecroftix@hibu.com,Grocery,$69.92,2017-06-26
Abigael Kemson,akemsoniy@blogtalkradio.com,Electronics,$3.91,2017-08-03
Kristine Costley,kcostleyiz@reverbnation.com,Shoes,$22.78,2017-03-14
Margaret Trundler,mtrundlerj0@goodreads.com,Music,$97.74,2016-10-25
Ryann Cadreman,rcadremanj1@reference.com,Books,$62.18,2017-05-08
Starr Frowing,sfrowingj2@creativecommons.org,Jewelery,$72.66,2016-10-13
Leela Shaudfurth,lshaudfurthj3@ucsd.edu,Jewelery,$99.76,2017-05-10
Ninnette Preskett,npreskettj4@kickstarter.com,Games,$93.22,2016-10-26
Sterling Iglesia,siglesiaj5@reddit.com,Tools,$74.87,2017-09-08
Maitilde Copozio,mcopozioj6@shareasale.com,Garden,$64.99,2017-03-15
Lynn Gabala,lgabalaj7@pagesperso-orange.fr,Tools,$40.44,2017-01-29
Wendi Mabbett,wmabbettj8@bloomberg.com,Sports,$28.59,2016-11-23
Katine Gimblet,kgimbletj9@globo.com,Electronics,$54.81,2016-12-13
Lynnelle Sinkinson,lsinkinsonja@parallels.com,Garden,$85.49,2017-04-24
Coleen Chuney,cchuneyjb@taobao.com,Toys,$51.45,2017-05-22
Bernita Bygreaves,bbygreavesjc@deviantart.com,Beauty,$95.25,2017-08-06
Brantley Larter,blarterjd@creativecommons.org,Sports,$55.49,2017-05-29
Lynnelle Zottoli,lzottolije@pinterest.com,Computers,$51.02,2017-05-20
Selle Meneely,smeneelyjf@altervista.org,Jewelery,$36.56,2017-01-28
Fairleigh Dany,fdanyjg@histats.com,Grocery,$41.98,2017-09-21
Alberta Jendricke,ajendrickejh@t.co,Home,$35.57,2016-10-16
Padraic Gatiss,pgatissji@eventbrite.com,Toys,$54.66,2017-02-26
Ossie Timpany,otimpanyjj@php.net,Music,$85.61,2016-12-19
Randell Melbert,rmelbertjk@hexun.com,Industrial,$59.76,2017-01-13
Margarete Kairns,mkairnsjl@hatena.ne.jp,Grocery,$86.16,2017-02-18
Sophronia de Pinna,sdejm@dagondesign.com,Beauty,$78.67,2017-03-16
Teodorico Dobbie,tdobbiejn@theguardian.com,Movies,$51.87,2016-10-11
Brandice Leffek,bleffekjo@phoca.cz,Industrial,$12.31,2017-04-05
Matthieu Angliss,manglissjp@friendfeed.com,Electronics,$17.62,2017-09-05
Bobbette Sains,bsainsjq@uiuc.edu,Shoes,$31.87,2016-10-07
Mildrid Ethelstone,methelstonejr@mapquest.com,Industrial,$46.95,2016-12-12
Patricia Matteris,pmatterisjs@joomla.org,Grocery,$57.81,2017-03-03
Sigfried Berriman,sberrimanjt@diigo.com,Books,$8.37,2017-06-01
Edie Creech,ecreechju@pbs.org,Clothing,$15.13,2017-01-06
Otho Lamperti,olampertijv@cbc.ca,Garden,$28.48,2016-10-09
Jone Kirsch,jkirschjw@fotki.com,Shoes,$19.96,2016-10-17
Ortensia Tiler,otilerjx@bizjournals.com,Automotive,$48.65,2017-05-11
Benedetta Doonican,bdoonicanjy@altervista.org,Kids,$26.98,2016-11-15
Dene Kollach,dkollachjz@w3.org,Toys,$97.69,2016-10-12
Billie Largan,blargank0@businessweek.com,Industrial,$27.04,2017-01-29
Lexine Killwick,lkillwickk1@npr.org,Shoes,$55.11,2016-12-06
Sean Hubball,shubballk2@intel.com,Outdoors,$39.13,2016-11-05
Jasen Rivilis,jrivilisk3@photobucket.com,Health,$4.91,2017-05-02
Lucie McGeaney,lmcgeaneyk4@quantcast.com,Books,$8.71,2017-07-03
Yanaton Gerge,ygergek5@weibo.com,Garden,$27.67,2017-09-11
Jule Batterson,jbattersonk6@npr.org,Books,$29.72,2017-01-05
Austen Wychard,awychardk7@ustream.tv,Health,$76.48,2017-01-29
Phaidra Rounsefull,prounsefullk8@clickbank.net,Jewelery,$40.02,2017-05-20
Jacquetta Iban,jibank9@homestead.com,Books,$77.51,2017-09-08
Herschel McCallister,hmccallisterka@gmpg.org,Toys,$87.64,2017-04-02
Jodi Georgius,jgeorgiuskb@time.com,Toys,$6.12,2017-01-20
Kris Dennison,kdennisonkc@sitemeter.com,Kids,$3.10,2017-09-05
Dill Mogenot,dmogenotkd@auda.org.au,Jewelery,$4.49,2016-10-14
Kora Soan,ksoanke@tinypic.com,Computers,$1.48,2017-09-10
Herold Bulward,hbulwardkf@nbcnews.com,Clothing,$60.56,2017-03-10
Neel Allans,nallanskg@issuu.com,Clothing,$47.97,2017-07-18
Loralee Mansell,lmansellkh@tumblr.com,Health,$83.51,2017-01-20
Lorinda Olenov,lolenovki@forbes.com,Jewelery,$76.33,2017-04-14
Blaire Moscone,bmosconekj@joomla.org,Outdoors,$42.37,2017-05-15
Harper Ketts,hkettskk@nationalgeographic.com,Toys,$70.00,2016-11-27
Bayard Plewes,bpleweskl@last.fm,Jewelery,$24.88,2017-05-26
Lilas Markos,lmarkoskm@un.org,Kids,$95.87,2017-08-27
Olivette Kordt,okordtkn@google.ru,Music,$31.14,2017-08-26
Gavrielle Gerriessen,ggerriessenko@g.co,Music,$92.50,2017-08-15
Beaufort Cuniffe,bcuniffekp@hp.com,Tools,$42.01,2017-08-24
Stern Howatt,showattkq@fc2.com,Garden,$78.14,2016-11-13
Kip Garmey,kgarmeykr@gnu.org,Computers,$84.92,2017-09-10
Marys Pople,mpopleks@comcast.net,Clothing,$19.29,2017-01-15
Vallie Ramsey,vramseykt@ftc.gov,Electronics,$24.11,2017-07-20
Shel Spellward,sspellwardku@phpbb.com,Electronics,$36.25,2016-10-26
Chrysa Bram,cbramkv@msn.com,Kids,$18.91,2016-11-25
Bianka Simpkin,bsimpkinkw@chicagotribune.com,Computers,$78.05,2017-07-14
Tad Babst,tbabstkx@jiathis.com,Toys,$77.02,2016-11-19
Danit Bruhnke,dbruhnkeky@umn.edu,Electronics,$67.60,2016-11-21
Ruthy Apfel,rapfelkz@china.com.cn,Sports,$50.04,2017-02-17
Nickola Creedland,ncreedlandl0@sina.com.cn,Garden,$34.57,2017-06-01
Silvester Bernier,sbernierl1@cbc.ca,Garden,$37.89,2016-12-24
Glennie Millar,gmillarl2@time.com,Health,$54.08,2017-09-06
Rania Gregorace,rgregoracel3@hubpages.com,Automotive,$52.32,2016-12-02
Farris Godbold,fgodboldl4@hc360.com,Kids,$19.89,2017-03-23
Doe Wasling,dwaslingl5@vimeo.com,Electronics,$1.62,2017-01-20
Evy Bointon,ebointonl6@nih.gov,Movies,$84.07,2017-02-17
Jody Rudeyeard,jrudeyeardl7@bizjournals.com,Movies,$34.05,2017-07-10
Davy Thickin,dthickinl8@skype.com,Beauty,$35.59,2016-12-08
Willow De Bischof,wdel9@who.int,Jewelery,$24.95,2017-05-17
Dynah Soame,dsoamela@theatlantic.com,Baby,$71.64,2017-05-25
Quint De Freyne,qdelb@bbb.org,Kids,$71.37,2017-02-18
Neville Eley,neleylc@ibm.com,Toys,$29.70,2017-02-23
Des Boyton,dboytonld@indiatimes.com,Toys,$44.58,2017-05-27
Frazer Eagell,feagellle@vinaora.com,Music,$34.16,2017-07-02
Llewellyn Laverack,llaveracklf@angelfire.com,Clothing,$79.69,2017-04-12
Tammi Durrance,tdurrancelg@oracle.com,Jewelery,$32.52,2017-05-30
Beck Linde,blindelh@zimbio.com,Tools,$47.55,2017-03-07
Gabie Vasyushkhin,gvasyushkhinli@hc360.com,Baby,$97.02,2017-01-10
Gerhardt Mulrean,gmulreanlj@nyu.edu,Health,$11.43,2017-01-19
Shirleen Maurice,smauricelk@tuttocitta.it,Sports,$19.94,2017-06-24
Lynne Escale,lescalell@qq.com,Electronics,$16.14,2016-10-19
Cathy Dreger,cdregerlm@free.fr,Electronics,$64.64,2017-01-14
Nicolina Theis,ntheisln@cpanel.net,Shoes,$37.70,2016-10-12
Daren Cosby,dcosbylo@surveymonkey.com,Industrial,$9.23,2016-10-08
Bailey Ride,bridelp@comsenz.com,Beauty,$93.27,2017-04-10
Antin Joskowicz,ajoskowiczlq@shop-pro.jp,Tools,$86.90,2017-01-24
Maurise McIlharga,mmcilhargalr@linkedin.com,Movies,$15.58,2017-01-07
Abey McVaugh,amcvaughls@yahoo.co.jp,Clothing,$3.62,2016-11-05
Nevile Jachimak,njachimaklt@163.com,Jewelery,$68.05,2017-08-03
Kissiah Garci,kgarcilu@infoseek.co.jp,Sports,$26.98,2017-04-08
Millard Bouda,mboudalv@yahoo.com,Health,$94.51,2017-05-20
Jeffry Drogan,jdroganlw@google.com.br,Baby,$4.59,2017-03-21
Theresa Klemencic,tklemenciclx@wisc.edu,Kids,$20.84,2017-07-24
Pete Stronach,pstronachly@dagondesign.com,Baby,$53.11,2017-05-24
Cliff Morefield,cmorefieldlz@cafepress.com,Industrial,$4.77,2017-06-22
Vivien Sole,vsolem0@sbwire.com,Industrial,$32.11,2017-05-10
Conn Sidgwick,csidgwickm1@digg.com,Beauty,$14.00,2017-03-17
Lizbeth Guislin,lguislinm2@tripod.com,Music,$26.53,2017-05-03
Brok Kiddy,bkiddym3@boston.com,Clothing,$40.33,2017-01-29
Arlie Brozek,abrozekm4@bing.com,Health,$74.56,2017-09-02
Emeline Craig,ecraigm5@slate.com,Garden,$37.95,2016-10-17
Jourdan Morby,jmorbym6@linkedin.com,Movies,$75.78,2017-07-07
Ulises Turfes,uturfesm7@dagondesign.com,Books,$47.80,2016-10-02
Cross Barca,cbarcam8@gnu.org,Sports,$84.64,2017-03-12
Dorey Itzig,ditzigm9@storify.com,Shoes,$77.33,2017-08-15
Erminia Semour,esemourma@seesaa.net,Beauty,$51.21,2017-07-11
Catherin Roff,croffmb@pbs.org,Home,$18.68,2017-01-18
Shoshana Bailie,sbailiemc@acquirethisname.com,Music,$89.42,2017-09-16
Cristobal Densham,cdenshammd@mapquest.com,Books,$62.88,2017-08-08
Nannette Garner,ngarnerme@vimeo.com,Grocery,$29.11,2017-01-02
Adlai Klimas,aklimasmf@comsenz.com,Home,$81.95,2017-03-05
Joshia Pindar,jpindarmg@gizmodo.com,Home,$31.91,2017-02-03
Kristine Erskine Sandys,kerskinemh@cocolog-nifty.com,Games,$13.32,2017-01-27
Shelli Bortolozzi,sbortolozzimi@reverbnation.com,Garden,$63.74,2016-12-29
Nevin Stuchbury,nstuchburymj@uiuc.edu,Kids,$76.62,2017-04-15
Loydie Bellefonte,lbellefontemk@unicef.org,Automotive,$91.51,2017-09-06
Park Bartlomiej,pbartlomiejml@gmpg.org,Beauty,$2.17,2016-12-27
Vladimir Gosz,vgoszmm@ifeng.com,Shoes,$23.29,2016-10-10
Maia D'Antuoni,mdantuonimn@oracle.com,Garden,$17.72,2017-07-05
Cash Cino,ccinomo@about.com,Clothing,$6.33,2017-03-05
Pooh Broddle,pbroddlemp@umich.edu,Tools,$64.80,2017-06-03
Hildy Akker,hakkermq@symantec.com,Books,$11.31,2017-02-20
Brannon Nisard,bnisardmr@psu.edu,Health,$14.07,2016-12-29
Hunfredo Agneau,hagneaums@hp.com,Books,$55.62,2017-09-04
Libbey Spinella,lspinellamt@jimdo.com,Industrial,$87.73,2017-01-16
Ebenezer Rylatt,erylattmu@tamu.edu,Toys,$60.18,2017-04-14
Moll Tolman,mtolmanmv@xrea.com,Sports,$75.74,2017-03-24
Devora Wellington,dwellingtonmw@kickstarter.com,Automotive,$21.67,2016-12-15
Palmer Terron,pterronmx@google.com,Grocery,$2.77,2017-04-09
Barty Galliford,bgallifordmy@netlog.com,Industrial,$63.57,2017-04-05
Paul Storkes,pstorkesmz@reuters.com,Automotive,$34.21,2017-08-30
Inger Pedycan,ipedycann0@uiuc.edu,Clothing,$64.14,2017-05-03
Mendel Luscott,mluscottn1@themeforest.net,Movies,$17.57,2017-09-11
Lois Clews,lclewsn2@purevolume.com,Sports,$4.57,2017-08-14
Amelie Sweetnam,asweetnamn3@networkadvertising.org,Outdoors,$66.58,2016-10-05
Al Janowicz,ajanowiczn4@canalblog.com,Books,$80.90,2016-10-19
Hugh Sclater,hsclatern5@latimes.com,Kids,$65.20,2017-02-07
Colly Christopher,cchristophern6@1688.com,Movies,$23.30,2017-09-20
Shay de Tocqueville,sden7@disqus.com,Shoes,$87.24,2017-03-23
Randene Easeman,reasemann8@nps.gov,Computers,$5.09,2016-12-26
Dag Belsham,dbelshamn9@i2i.jp,Home,$7.04,2017-03-07
Leshia Jannaway,ljannawayna@google.co.jp,Electronics,$80.64,2016-09-30
Effie Breheny,ebrehenynb@uol.com.br,Home,$17.05,2017-09-27
Carson Cornely,ccornelync@storify.com,Automotive,$91.74,2017-01-29
L;urette Cumine,lcuminend@statcounter.com,Movies,$29.42,2017-05-19
Lucine Akker,lakkerne@phpbb.com,Health,$65.31,2017-09-01
Vassili Vasyunkin,vvasyunkinnf@senate.gov,Electronics,$1.23,2017-01-21
Hoyt Lerway,hlerwayng@umich.edu,Shoes,$30.01,2017-08-14
Pennie Grigsby,pgrigsbynh@ftc.gov,Toys,$57.74,2017-04-07
Salem Ribbon,sribbonni@weebly.com,Books,$41.46,2017-03-10
Dorian Mottinelli,dmottinellinj@gravatar.com,Beauty,$81.80,2016-12-12
Hercules Claris,hclarisnk@is.gd,Toys,$5.58,2016-11-22
Clemmy Raggatt,craggattnl@t-online.de,Shoes,$67.71,2017-09-04
Arden Gulberg,agulbergnm@imdb.com,Garden,$20.03,2016-12-14
Jacquelyn Wrightam,jwrightamnn@prlog.org,Music,$16.47,2017-04-10
Kelcie Nutten,knuttenno@youtube.com,Games,$91.90,2017-04-24
Vinny McEntee,vmcenteenp@facebook.com,Kids,$27.67,2017-05-16
Kassia Allicock,kallicocknq@hubpages.com,Games,$31.61,2017-04-21
Ripley Madgewick,rmadgewicknr@narod.ru,Movies,$74.21,2016-11-09
Asia D'Ruel,adruelns@cnbc.com,Computers,$77.85,2017-08-01
Carlo Healey,chealeynt@yellowbook.com,Jewelery,$22.59,2017-08-05
Casie Louth,clouthnu@usa.gov,Beauty,$10.76,2017-02-03
Humbert Bescoby,hbescobynv@accuweather.com,Music,$41.89,2017-01-31
Arlee Saiger,asaigernw@cloudflare.com,Grocery,$94.44,2016-12-28
Jedidiah Lawrance,jlawrancenx@ox.ac.uk,Computers,$90.83,2016-11-08
Adelheid Cudd,acuddny@cafepress.com,Grocery,$52.99,2017-09-28
Adah Pleuman,apleumannz@ocn.ne.jp,Electronics,$81.79,2017-09-18
Yvonne Nicol,ynicolo0@hp.com,Books,$66.15,2017-05-22
Jacquetta Vicent,jvicento1@disqus.com,Outdoors,$29.59,2017-02-21
Todd Wabb,twabbo2@wix.com,Computers,$71.69,2017-02-16
Brade Sandiford,bsandifordo3@umich.edu,Kids,$55.45,2017-04-22
Shaylah Marnes,smarneso4@sogou.com,Beauty,$41.76,2017-04-11
Ferrell Pauluzzi,fpauluzzio5@phoca.cz,Home,$42.01,2017-09-03
Donielle Braun,dbrauno6@fda.gov,Baby,$37.98,2017-07-10
Ronnica Penswick,rpenswicko7@soup.io,Kids,$7.37,2017-07-31
Claudina Giannazzo,cgiannazzoo8@cargocollective.com,Kids,$3.84,2017-04-20
Zorah Densham,zdenshamo9@mozilla.org,Health,$86.25,2016-12-20
Constantine Penk,cpenkoa@wiley.com,Kids,$23.06,2017-03-19
Conway Norledge,cnorledgeob@bloglovin.com,Beauty,$59.14,2017-02-22
Avram Pipworth,apipworthoc@yolasite.com,Computers,$8.09,2017-09-03
Gwenny Cottingham,gcottinghamod@examiner.com,Music,$31.31,2017-04-05
Sindee Rangeley,srangeleyoe@redcross.org,Health,$71.44,2017-03-06
Hedwiga Savin,hsavinof@paypal.com,Games,$26.49,2017-01-01
Beatrix Grayling,bgraylingog@vinaora.com,Garden,$90.32,2017-09-15
Mick D'Adamo,mdadamooh@bigcartel.com,Baby,$51.49,2017-03-04
Reamonn Kissack,rkissackoi@constantcontact.com,Sports,$70.74,2017-04-01
Murielle Britee,mbriteeoj@slashdot.org,Toys,$92.41,2016-10-12
Koenraad Wilkie,kwilkieok@hp.com,Outdoors,$41.55,2016-12-08
Daphna Romanski,dromanskiol@oaic.gov.au,Kids,$96.50,2016-10-30
Winston Swynley,wswynleyom@gravatar.com,Industrial,$94.58,2017-06-17
Zelda Connett,zconnetton@multiply.com,Jewelery,$88.98,2017-03-13
Judon McBay,jmcbayoo@usatoday.com,Tools,$39.57,2017-04-17
Hamlen Vedishchev,hvedishchevop@redcross.org,Beauty,$21.86,2017-05-20
Maison Petzold,mpetzoldoq@istockphoto.com,Books,$53.42,2017-07-16
Ted Roggero,troggeroor@cdc.gov,Jewelery,$87.75,2017-04-16
Pepi O'Fearguise,pofearguiseos@purevolume.com,Baby,$33.67,2017-02-04
Elton Varney,evarneyot@alexa.com,Outdoors,$43.83,2017-01-10
Sheff Jelly,sjellyou@wikispaces.com,Grocery,$32.97,2017-06-16
Sidonnie Escritt,sescrittov@altervista.org,Beauty,$77.05,2016-12-29
Kent Palliser,kpalliserow@bravesites.com,Toys,$21.66,2017-07-25
Candida Prest,cprestox@engadget.com,Grocery,$33.38,2017-07-18
Dasi Smitherham,dsmitherhamoy@telegraph.co.uk,Automotive,$48.96,2016-11-25
Lona Giovannoni,lgiovannonioz@gmpg.org,Baby,$26.95,2016-11-07
Stillman Boxall,sboxallp0@tinyurl.com,Shoes,$20.85,2017-05-25
Katie Petersen,kpetersenp1@newsvine.com,Tools,$67.72,2017-01-30
Wolf Herreros,wherrerosp2@guardian.co.uk,Sports,$23.90,2017-01-04
Jerrylee Challener,jchallenerp3@stanford.edu,Garden,$16.41,2017-04-04
Brenna Thackwray,bthackwrayp4@live.com,Shoes,$55.10,2017-02-14
Jo Myrie,jmyriep5@hhs.gov,Beauty,$71.74,2017-06-09
Sam Human,shumanp6@cdbaby.com,Home,$83.51,2017-04-18
Delores Sapena,dsapenap7@dyndns.org,Books,$76.20,2017-02-02
Bartholomew Edwicke,bedwickep8@yellowpages.com,Clothing,$83.67,2017-01-03
Brian Jakoviljevic,bjakoviljevicp9@amazon.co.jp,Grocery,$85.95,2017-07-07
Tara Byrd,tbyrdpa@cbc.ca,Beauty,$39.37,2017-04-17
Paolina Redmell,predmellpb@acquirethisname.com,Tools,$45.45,2016-10-15
Bentlee Melesk,bmeleskpc@ning.com,Baby,$50.23,2017-01-25
Ravi Corhard,rcorhardpd@linkedin.com,Home,$96.97,2016-12-30
Nydia Gahagan,ngahaganpe@tuttocitta.it,Outdoors,$10.93,2016-11-16
Marylynne Ney,mneypf@sbwire.com,Music,$57.20,2017-07-02
Pasquale Giacomoni,pgiacomonipg@sitemeter.com,Garden,$9.66,2017-04-16
Kleon Kinnaird,kkinnairdph@symantec.com,Kids,$52.74,2017-02-07
Karry Perillio,kperilliopi@ibm.com,Industrial,$28.54,2016-12-20
Hashim Johnston,hjohnstonpj@geocities.jp,Clothing,$44.27,2017-03-08
Leslie Gallop,lgalloppk@cpanel.net,Health,$16.95,2016-12-23
Olympie Whorton,owhortonpl@aboutads.info,Beauty,$88.24,2016-11-30
Andromache Croser,acroserpm@squarespace.com,Grocery,$95.16,2017-04-06
Stanton Lammers,slammerspn@ycombinator.com,Sports,$42.86,2017-02-28
Bryon Tootell,btootellpo@squarespace.com,Music,$37.45,2017-03-08
Maddie Belson,mbelsonpp@telegraph.co.uk,Computers,$45.65,2017-08-20
Karlyn Longhorn,klonghornpq@indiegogo.com,Shoes,$98.62,2017-03-10
Nanice Eppson,neppsonpr@sciencedaily.com,Electronics,$50.70,2016-12-02
Talbot Hutton,thuttonps@dailymotion.com,Toys,$33.38,2017-01-18
Carri Burgen,cburgenpt@list-manage.com,Movies,$66.90,2016-12-09
Aloin Donavan,adonavanpu@nasa.gov,Games,$73.11,2017-09-12
Packston Goodliffe,pgoodliffepv@kickstarter.com,Outdoors,$3.37,2017-04-04
Dermot Finders,dfinderspw@princeton.edu,Electronics,$16.30,2017-02-12
Joyous Hearty,jheartypx@t-online.de,Beauty,$45.72,2017-06-16
Ursuline Klicher,uklicherpy@berkeley.edu,Sports,$3.16,2016-10-08
Vonnie Northwood,vnorthwoodpz@cbslocal.com,Tools,$34.58,2017-04-24
Barbie Brunetti,bbrunettiq0@histats.com,Beauty,$20.98,2016-12-04
Lauretta Goodsall,lgoodsallq1@netlog.com,Music,$25.14,2017-05-04
Pierre Longfut,plongfutq2@icq.com,Movies,$38.29,2016-12-26
Legra Lafuente,llafuenteq3@merriam-webster.com,Books,$66.28,2017-09-19
Nicolais Scarsbrick,nscarsbrickq4@utexas.edu,Baby,$70.34,2017-06-06
Marlo Curwood,mcurwoodq5@who.int,Tools,$68.29,2017-08-08
Odo Bolesworth,obolesworthq6@tiny.cc,Tools,$71.74,2017-05-20
Deny Thurlow,dthurlowq7@telegraph.co.uk,Outdoors,$45.61,2017-08-05
Rikki Tarplee,rtarpleeq8@ihg.com,Music,$30.79,2017-08-02
Laurie Kieff,lkieffq9@blinklist.com,Industrial,$40.13,2017-01-27
Marieann Napoleone,mnapoleoneqa@dropbox.com,Clothing,$11.63,2017-07-04
Bertha Ingledow,bingledowqb@prnewswire.com,Health,$57.25,2017-06-01
Philipa O' Reagan,poqc@youku.com,Music,$1.07,2016-12-06
Osmund Jacquest,ojacquestqd@smugmug.com,Jewelery,$18.43,2017-05-04
Paco Grebert,pgrebertqe@chron.com,Clothing,$71.59,2017-04-26
Truman De Mars,tdeqf@tinypic.com,Games,$76.75,2017-01-21
Lani Toms,ltomsqg@webnode.com,Health,$64.81,2017-09-10
Bryanty Pead,bpeadqh@dedecms.com,Computers,$79.25,2017-02-13
Irv Goodge,igoodgeqi@cloudflare.com,Garden,$17.11,2017-03-16
Wilhelmine Rawsen,wrawsenqj@goo.ne.jp,Grocery,$1.19,2017-07-29
Hort Manicom,hmanicomqk@photobucket.com,Books,$42.77,2017-07-06
Val Norree,vnorreeql@bigcartel.com,Shoes,$61.44,2017-07-07
Jean Batisse,jbatisseqm@elegantthemes.com,Industrial,$95.28,2016-10-27
Hugibert Westover,hwestoverqn@japanpost.jp,Movies,$92.56,2017-07-02
Tabitha Ivanikhin,tivanikhinqo@yellowbook.com,Beauty,$68.50,2017-07-07
Berti Feasley,bfeasleyqp@odnoklassniki.ru,Books,$57.00,2017-05-20
Cari Blundon,cblundonqq@about.me,Jewelery,$58.52,2017-04-04
Munmro Mussen,mmussenqr@redcross.org,Books,$17.39,2017-07-12
Murielle Tiley,mtileyqs@mlb.com,Kids,$27.97,2016-10-23
Imojean Bronger,ibrongerqt@w3.org,Garden,$14.99,2017-06-02
Jacques Gavagan,jgavaganqu@tinypic.com,Clothing,$99.41,2016-11-23
Truman Capron,tcapronqv@webmd.com,Health,$76.97,2017-01-08
Esmaria Lievesley,elievesleyqw@github.io,Toys,$10.91,2017-04-03
Giacobo Wayper,gwayperqx@yelp.com,Home,$34.84,2017-08-11
Papagena Renehan,prenehanqy@cocolog-nifty.com,Grocery,$36.11,2016-10-24
Aloise Walklot,awalklotqz@alexa.com,Baby,$72.02,2017-05-25
Kerr Dockerty,kdockertyr0@delicious.com,Beauty,$2.76,2017-02-03
Pierette Elstob,pelstobr1@berkeley.edu,Clothing,$79.54,2017-02-21
Trueman Chawner,tchawnerr2@ucoz.com,Grocery,$22.26,2017-09-05
Ulberto Giocannoni,ugiocannonir3@posterous.com,Baby,$6.08,2017-03-10
Georgie O'Cullen,gocullenr4@gmpg.org,Sports,$51.28,2016-10-13
Sophi Muggeridge,smuggeridger5@posterous.com,Music,$57.57,2016-12-09
Katrine Rylance,krylancer6@nasa.gov,Music,$43.40,2016-10-02
Sophie Stempe,sstemper7@ocn.ne.jp,Outdoors,$17.74,2016-11-23
Alexine Urion,aurionr8@behance.net,Shoes,$55.38,2017-09-05
Lorilyn Perrigo,lperrigor9@skype.com,Movies,$78.33,2016-11-15
Ianthe Postins,ipostinsra@edublogs.org,Tools,$54.02,2017-05-02
Adam Foster-Smith,afostersmithrb@aboutads.info,Beauty,$56.82,2016-12-05
Patton Frankland,pfranklandrc@hostgator.com,Toys,$57.28,2016-12-26
Dorthea Stetlye,dstetlyerd@discovery.com,Games,$59.99,2016-11-25
Noach Ferrara,nferrarare@tripod.com,Jewelery,$4.89,2017-08-10
Brady Tolson,btolsonrf@cnbc.com,Beauty,$58.46,2017-04-11
Andris Madders,amaddersrg@go.com,Kids,$71.96,2017-07-13
Harriet Whaymand,hwhaymandrh@cbc.ca,Grocery,$78.97,2017-08-25
Yelena Banat,ybanatri@ning.com,Books,$43.06,2016-12-01
Stacee Vero,sverorj@blogspot.com,Kids,$57.57,2017-09-27
Winston Rooper,wrooperrk@github.com,Health,$69.56,2017-04-28
Rafaela Smallbone,rsmallbonerl@cpanel.net,Garden,$19.96,2017-05-25
Leighton Farrance,lfarrancerm@fastcompany.com,Beauty,$31.62,2017-02-16
Octavius Inkpin,oinkpinrn@berkeley.edu,Tools,$40.01,2017-08-21
Raine Clardge,rclardgero@unicef.org,Toys,$35.94,2017-06-08
Immanuel Lomax,ilomaxrp@hubpages.com,Toys,$81.11,2016-11-23
Vina Ruane,vruanerq@ox.ac.uk,Electronics,$7.58,2016-10-01
Julina Colter,jcolterrr@shinystat.com,Automotive,$31.23,2016-11-22
